id,title,description,address,lat,lng,timestamp,image_path,user_id,status,admin_reply

8,electricity issue,not working,"St.Peter’s Institute of Higher Education and Research,Avadi,, Ambattur - Avadi Road, Avadi, Poonamallee, Thiruvallur, Tamil Nadu, 600054, India",13.110644501001197,80.11792605347598,2026-02-09T12:01:08.254913,images/complaint_24.png,3.0,pending,
7,electricity issue,not working,"St.Peter’s Institute of Higher Education and Research,Avadi,, Ambattur - Avadi Road, Avadi, Poonamallee, Thiruvallur, Tamil Nadu, 600054, India",13.110644501001197,80.11792605347598,2026-02-09T12:00:56.480435,images/complaint_23.png,3.0,pending,
6,electricity issue,not working,"St.Peter’s Institute of Higher Education and Research,Avadi,, Ambattur - Avadi Road, Avadi, Poonamallee, Thiruvallur, Tamil Nadu, 600054, India",13.110644501001197,80.11792605347598,2026-02-09T12:00:48.276198,images/complaint_22.png,3.0,pending,
5,electricity issue,not working,"St.Peter’s Institute of Higher Education and Research,Avadi,, Ambattur - Avadi Road, Avadi, Poonamallee, Thiruvallur, Tamil Nadu, 600054, India",13.110723727194118,80.1180940298314,2026-02-09T11:04:06.279027,images/complaint_21.png,3.0,pending,
4,drinking water,drinking water is not working,"Avadi, Poonamallee, Thiruvallur, Tamil Nadu, 600054, India",13.110846576204777,80.11784489788863,2026-01-19T14:16:04.668735,images/complaint_20.png,3.0,pending,
3,drinking water,drinking water is not working,"St.Peter’s Institute of Higher Education and Research,Avadi,, Ambattur - Avadi Road, Avadi, Poonamallee, Thiruvallur, Tamil Nadu, 600054, India",13.110621639091644,80.11831469978372,2026-01-19T09:32:21.209285,images/complaint_19.png,3.0,approved,The issue will be solved in two days
2,dress ,dress,"St.Peter’s Institute of Higher Education and Research,Avadi,, Ambattur - Avadi Road, Avadi, Poonamallee, Thiruvallur, Tamil Nadu, 600054, India",13.110354112991969,80.11770904307241,2026-01-13T14:43:03.338590,images/complaint_18.png,3.0,pending,
1,Classroom Cleaning,not proper clean,"Chennai, Tamil Nadu 600078",13.0836939,80.270186,2026-01-12T11:52:28.442219,,0.0,approved,
